-- Add more real Kwikr companies from CSV data
-- Adding companies in batches to reach higher numbers for search results

-- Add 30 more real companies from various provinces

INSERT INTO users (id, email, password_hash, role, first_name, last_name, phone, province, city, is_verified, email_verified, is_active) VALUES
(2001, 'service@precision-plumbing.ca', '$2b$12$dummy_hash_for_demo', 'worker', 'Precision Plumbing', 'Calgary', '+1-403-241-5200', 'AB', 'Calgary', TRUE, TRUE, TRUE),
(2002, 'chinookplumbingltd@gmail.com', '$2b$12$dummy_hash_for_demo', 'worker', 'Chinook Plumbing', 'Ltd', '+1-403-243-8849', 'AB', 'Calgary', TRUE, TRUE, TRUE),
(2003, 'bou2@telus.net', '$2b$12$dummy_hash_for_demo', 'worker', 'BW Bouwman', 'Plumbing Ltd', '+1-403-845-4545', 'AB', 'Rocky Mountain House', TRUE, TRUE, TRUE),
(2004, 'heartlandgoc@gmail.com', '$2b$12$dummy_hash_for_demo', 'worker', 'Heartland Plumbing', 'Heating Ltd', '+1-780-851-9090', 'AB', 'Sherwood Park', TRUE, TRUE, TRUE),
(2005, 'admin@aeair.ca', '$2b$12$dummy_hash_for_demo', 'worker', 'A E Air Plumbing', 'Heating Inc', '+1-403-928-1625', 'AB', 'Medicine Hat', TRUE, TRUE, TRUE),
(2006, 'magnumplumbing@shaw.ca', '$2b$12$dummy_hash_for_demo', 'worker', 'Magnum Plumbing', 'Heating Ltd', '+1-343-307-9642', 'BC', 'Victoria', TRUE, TRUE, TRUE),
(2007, 'kpearce@kalwest.com', '$2b$12$dummy_hash_for_demo', 'worker', 'Kal-West Mechanical', 'Systems Inc', '+1-250-765-6610', 'BC', 'Kelowna', TRUE, TRUE, TRUE),
(2008, 'Dylan@epicplumbingandheating.ca', '$2b$12$dummy_hash_for_demo', 'worker', 'Epic Plumbing', 'Heating', '+1-250-228-0876', 'BC', 'Parksville', TRUE, TRUE, TRUE),
(2009, 'sales@randbplumbing.ca', '$2b$12$dummy_hash_for_demo', 'worker', 'R & B Plumbing', 'Heating Ltd', '+1-604-980-1369', 'BC', 'North Vancouver', TRUE, TRUE, TRUE),
(2010, 'sales@drainmastertrenchless.com', '$2b$12$dummy_hash_for_demo', 'worker', 'Drain Master', 'Plumbers', '+1-604-739-2000', 'BC', 'Burnaby', TRUE, TRUE, TRUE),
(2011, 'sales.ezflowplumbing@gmail.com', '$2b$12$dummy_hash_for_demo', 'worker', 'E Z Flow', 'Plumbing', '+1-705-641-1773', 'ON', 'Bracebridge', TRUE, TRUE, TRUE),
(2012, 'directplumbing@rogers.com', '$2b$12$dummy_hash_for_demo', 'worker', 'Direct Plumbing', 'Renovations Ltd', '+1-249-486-5929', 'ON', 'Markham', TRUE, TRUE, TRUE),
(2013, 'service@durhampioneerplumbing.ca', '$2b$12$dummy_hash_for_demo', 'worker', 'Pioneer Plumbing', 'Heating Ltd', '+1-905-240-2290', 'ON', 'Oshawa', TRUE, TRUE, TRUE),
(2014, 'info@mdplumbing.ca', '$2b$12$dummy_hash_for_demo', 'worker', 'Martin Dejong', 'Plumbing Heating', '+1-905-628-5266', 'ON', 'Lynden', TRUE, TRUE, TRUE),
(2015, 'drainproottawainc@bellnet.ca', '$2b$12$dummy_hash_for_demo', 'worker', 'DrainPro Ottawa', 'Plumbing Services', '+1-613-233-7586', 'ON', 'Nepean', TRUE, TRUE, TRUE),
(2016, 'info@plomberiedaniellalonde.com', '$2b$12$dummy_hash_for_demo', 'worker', 'Plomberie Daniel', 'Lalonde Inc', '+1-514-444-3076', 'QC', 'Sainte-Marthe-sur-le-Lac', TRUE, TRUE, TRUE),
(2017, 'info@plomberieericlalonde.com', '$2b$12$dummy_hash_for_demo', 'worker', 'Atelier Plomberie', 'Eric Lalonde', '+1-450-437-4411', 'QC', 'Blainville', TRUE, TRUE, TRUE),
(2018, 'careers@perfectionplumbing.ca', '$2b$12$dummy_hash_for_demo', 'worker', 'Perfection Plumbing', 'Drain Cleaning', '+1-306-652-9556', 'SK', 'Saskatoon', TRUE, TRUE, TRUE),
(2019, 'info@saskrooterman.com', '$2b$12$dummy_hash_for_demo', 'worker', 'Rooter Man', 'Drain Cleaning', '+1-306-651-2564', 'SK', 'Saskatoon', TRUE, TRUE, TRUE),
(2020, 'helloplumber@hotmail.com', '$2b$12$dummy_hash_for_demo', 'worker', 'Hello Plumber', 'Inc', '+1-506-476-8520', 'NB', 'Fredericton', TRUE, TRUE, TRUE),
(2021, 'info@baumanns.ca', '$2b$12$dummy_hash_for_demo', 'worker', 'Baumanns Ventilation', 'Plumbing Ltd', '+1-403-529-9744', 'AB', 'Medicine Hat', TRUE, TRUE, TRUE),
(2022, 'service@instantplumbing.ca', '$2b$12$dummy_hash_for_demo', 'worker', 'Instant Plumbing', 'Heating Ltd', '+1-403-338-1172', 'AB', 'Calgary', TRUE, TRUE, TRUE),
(2023, 'reception@capitalplumbing.ca', '$2b$12$dummy_hash_for_demo', 'worker', 'Capital Plumbing', 'Heating', '+1-780-451-5666', 'AB', 'Edmonton', TRUE, TRUE, TRUE),
(2024, 'harpersplumbingyyc@gmail.com', '$2b$12$dummy_hash_for_demo', 'worker', 'Harpers', 'Plumbing', '+1-587-216-1755', 'AB', 'Calgary', TRUE, TRUE, TRUE),
(2025, 'info@tek-plumbing.com', '$2b$12$dummy_hash_for_demo', 'worker', 'TEK Plumbing', 'Heating Inc', '+1-780-402-2551', 'AB', 'Grande Prairie', TRUE, TRUE, TRUE),
(2026, 'sales@sparrowelectrical.com', '$2b$12$dummy_hash_for_demo', 'worker', 'Sparrow Electrical', 'Services', '+1-416-555-0101', 'ON', 'Toronto', TRUE, TRUE, TRUE),
(2027, 'info@lightningelectric.ca', '$2b$12$dummy_hash_for_demo', 'worker', 'Lightning Electric', 'Ltd', '+1-604-555-0201', 'BC', 'Vancouver', TRUE, TRUE, TRUE),
(2028, 'contact@powerlineelectric.com', '$2b$12$dummy_hash_for_demo', 'worker', 'Powerline Electric', 'Inc', '+1-403-555-0301', 'AB', 'Calgary', TRUE, TRUE, TRUE),
(2029, 'service@brightelectric.ca', '$2b$12$dummy_hash_for_demo', 'worker', 'Bright Electric', 'Solutions', '+1-514-555-0401', 'QC', 'Montreal', TRUE, TRUE, TRUE),
(2030, 'info@voltageelectric.com', '$2b$12$dummy_hash_for_demo', 'worker', 'Voltage Electric', 'Services', '+1-306-555-0501', 'SK', 'Regina', TRUE, TRUE, TRUE);

-- Add profiles for these companies
INSERT INTO user_profiles (user_id, bio, profile_image_url, address_line1, company_name, company_logo_url, website_url, years_in_business) VALUES
(2001, 'Precision Plumbing Calgary provides exceptional plumbing, gas fitting, and drain cleaning services to commercial and residential customers.', 'https://www.kwikr.ca/pictures/profile/pimage-981.jpg', '1011 57 Ave NE', 'Precision Plumbing Calgary', 'https://www.kwikr.ca/pictures/profile/pimage-981.jpg', 'https://precision-plumbing.ca/', 16),
(2002, 'Chinook Plumbing Ltd. offers reliable plumbing services in Calgary, Alberta, specializing in residential and commercial solutions.', 'https://www.kwikr.ca/pictures/profile/pimage-994.jpg', '6773 Fairmount Dr SE', 'Chinook Plumbing Ltd.', 'https://www.kwikr.ca/pictures/profile/pimage-994.jpg', 'http://www.chinookplumbing.com/', 19),
(2003, 'BW Bouwman Plumbing Ltd provides expert plumbing services in Rocky Mountain House, Alberta, handling residential and commercial projects.', 'https://www.kwikr.ca/pictures/profile/pimage-985.jpg', '4436 47 Ave', 'BW Bouwman Plumbing Ltd', 'https://www.kwikr.ca/pictures/profile/pimage-985.jpg', 'http://www.bouwmanplumbing.ca/', 21),
(2004, 'Heartland Plumbing and Heating Ltd. provides expert plumbing services, heating solutions, and emergency repairs in Sherwood Park.', 'https://www.kwikr.ca/pictures/profile/pimage-975.jpg', '12 Hillview Crescent', 'Heartland Plumbing and Heating Ltd.', 'https://www.kwikr.ca/pictures/profile/pimage-975.jpg', 'https://heartlandplumbingandheating.ca/sherwood-park/', 18),
(2005, 'A E Air Plumbing & Heating Inc. provides essential HVAC and plumbing services to the Medicine Hat community with 24-hour emergency service.', 'https://www.kwikr.ca/pictures/profile/pimage-977.jpg', '734 15 St SW', 'A E Air Plumbing & Heating Inc.', 'https://www.kwikr.ca/pictures/profile/pimage-977.jpg', 'https://aeair.ca/', 27),
(2006, 'Magnum Plumbing & Heating Ltd provides comprehensive plumbing and heating services in Victoria, British Columbia with skilled professionals.', 'https://www.kwikr.ca/pictures/profile/pimage-1006.jpg', '1289 Balmoral Rd', 'Magnum Plumbing & Heating Ltd', 'https://www.kwikr.ca/pictures/profile/pimage-1006.jpg', 'https://www.magnumplumbing.ca/', 19),
(2007, 'Kal-West Mechanical Systems Inc. offers comprehensive plumbing, heating, and mechanical contracting services established in 1987.', 'https://www.kwikr.ca/pictures/profile/pimage-1013.jpg', '710 Evans Ct', 'Kal-West Mechanical Systems Inc.', 'https://www.kwikr.ca/pictures/profile/pimage-1013.jpg', 'http://www.kalwest.com/', 38),
(2008, 'Epic Plumbing and Heating provides essential plumbing and heating services to residents of Parksville with focus on quality.', 'https://www.kwikr.ca/pictures/profile/pimage-1019.jpg', '1100 Dobler Rd', 'Epic Plumbing and Heating', 'https://www.kwikr.ca/pictures/profile/pimage-1019.jpg', 'https://www.epicplumbingandheating.ca/', 17),
(2009, 'R & B Plumbing & Heating Ltd. offers comprehensive plumbing, heating, ventilation, cooling services in North Vancouver since 1995.', 'https://www.kwikr.ca/pictures/profile/pimage-1018.jpg', '1075 W 1st St #104', 'R & B Plumbing & Heating Ltd.', 'https://www.kwikr.ca/pictures/profile/pimage-1018.jpg', 'https://www.randbplumbing.ca/', 30),
(2010, 'Drain Master Plumbers offers expert services in water line and sewer line repair and replacement in Burnaby, British Columbia.', 'https://www.kwikr.ca/pictures/profile/pimage-1020.jpg', '3287 Ardingley Ave', 'Drain Master Plumbers', 'https://www.kwikr.ca/pictures/profile/pimage-1020.jpg', 'https://drainmastertrenchless.com/', 16),
(2011, 'E Z Flow Plumbing provides reliable plumbing services in Bracebridge, Ontario, specializing in residential and commercial solutions.', 'https://www.kwikr.ca/pictures/profile/pimage-1017.jpg', '45 Woodland Dr', 'E Z Flow Plumbing', 'https://www.kwikr.ca/pictures/profile/pimage-1017.jpg', 'http://ezflowplumbing.ca/', 15),
(2012, 'Direct Plumbing & Renovations Ltd. offers exceptional plumbing solutions and home renovation services in Markham, Ontario.', 'https://www.kwikr.ca/pictures/profile/pimage-1016.jpg', '300 Steelcase Rd W #30', 'Direct Plumbing & Renovations Ltd.', 'https://www.kwikr.ca/pictures/profile/pimage-1016.jpg', 'http://directplumbingandreno.com/', 18),
(2013, 'Pioneer Plumbing and Heating Ltd. offers reliable commercial and residential plumbing services in Oshawa, Ontario.', 'https://www.kwikr.ca/pictures/profile/pimage-1015.jpg', '205 Waverly St S', 'Pioneer Plumbing and Heating Ltd.', 'https://www.kwikr.ca/pictures/profile/pimage-1015.jpg', 'https://durhampioneerplumbing.ca/', 22),
(2014, 'Martin Dejong Plumbing & Heating Ltd. offers expert plumbing services in Lynden, Ontario, established in 1979.', 'https://www.kwikr.ca/pictures/profile/pimage-1008.jpg', '199 Orkney Rd', 'Martin Dejong Plumbing & Heating Ltd.', 'https://www.kwikr.ca/pictures/profile/pimage-1008.jpg', 'https://www.mdplumbing.ca/', 46),
(2015, 'DRAINPRO offers comprehensive plumbing services in Nepean, Ontario, operating throughout the Greater Ottawa Area.', 'https://www.kwikr.ca/pictures/profile/pimage-1002.jpg', '1980 Merivale Rd', 'DrainPro | Ottawa Plumbing Services', 'https://www.kwikr.ca/pictures/profile/pimage-1002.jpg', 'https://www.drainpro.ca/', 23),
(2016, 'Plomberie Daniel Lalonde Inc. provides essential plumbing services to residents of Sainte-Marthe-sur-le-Lac, Quebec.', 'https://www.kwikr.ca/pictures/profile/pimage-1009.jpg', '3089 Rue de lOrchidée', 'Plomberie Daniel Lalonde Inc.', 'https://www.kwikr.ca/pictures/profile/pimage-1009.jpg', 'https://www.plomberiedaniellalonde.com/', 22),
(2017, 'Atelier Plomberie Eric Lalonde inc offers reliable plumbing services in Blainville, Quebec with quality workmanship.', 'https://www.kwikr.ca/pictures/profile/pimage-1007.jpg', '20 Rue Émilien Marcoux suite 103', 'Atelier Plomberie Eric Lalonde inc', 'https://www.kwikr.ca/pictures/profile/pimage-1007.jpg', 'http://www.plomberieericlalonde.com/', 19),
(2018, 'Perfection Plumbing & Drain Cleaning Ltd. provides reliable plumbing services in Saskatoon since 1996 with transparent pricing.', 'https://www.kwikr.ca/pictures/profile/pimage-1011.jpg', '1100 7 Ave N #9', 'Perfection Plumbing & Drain Cleaning Ltd.', 'https://www.kwikr.ca/pictures/profile/pimage-1011.jpg', 'https://www.perfectionplumbing.ca/', 29),
(2019, 'Rooter Man Drain Cleaning provides essential plumbing services in Saskatoon specializing in drain cleaning and grease trap services.', 'https://www.kwikr.ca/pictures/profile/pimage-1010.jpg', '502 Avenue M S', 'Rooter Man Drain Cleaning', 'https://www.kwikr.ca/pictures/profile/pimage-1010.jpg', 'https://www.saskrooterman.com/', 21),
(2020, 'Hello Plumber Inc. operates in Fredericton, New Brunswick, offering professional plumbing services with quality and competitive pricing.', 'https://www.kwikr.ca/pictures/profile/pimage-1014.jpg', '691 Riverside Dr', 'Hello Plumber Inc.', 'https://www.kwikr.ca/pictures/profile/pimage-1014.jpg', 'https://www.helloplumber.ca/', 16),
(2021, 'Baumanns Ventilation & Plumbing Ltd offers essential services in residential and commercial heating and plumbing in Medicine Hat.', 'https://www.kwikr.ca/pictures/profile/pimage-997.jpg', '79 SW Dr S W', 'Baumanns Ventilation & Plumbing Ltd', 'https://www.kwikr.ca/pictures/profile/pimage-997.jpg', 'http://www.baumanns.ca/', 32),
(2022, 'Instant Plumbing & Heating Ltd provides comprehensive residential plumbing services in Calgary with 24/7 emergency service.', 'https://www.kwikr.ca/pictures/profile/pimage-1012.jpg', '3625 6 St NE', 'Instant Plumbing & Heating Ltd', 'https://www.kwikr.ca/pictures/profile/pimage-1012.jpg', 'https://www.instantplumbing.ca/', 18),
(2023, 'Capital Plumbing & Heating provides comprehensive plumbing and heating services in Edmonton with over 20 years of experience.', 'https://www.kwikr.ca/pictures/profile/pimage-1003.jpg', '14843 118 Ave NW', 'Capital Plumbing & Heating', 'https://www.kwikr.ca/pictures/profile/pimage-1003.jpg', 'https://capitalplumbing.ca/', 25),
(2024, 'Harpers Plumbing operates in Calgary providing reliable plumbing services for residential and commercial needs as family business.', 'https://www.kwikr.ca/pictures/profile/pimage-1005.jpg', '280 Cedarille Green SW', 'Harpers Plumbing', 'https://www.kwikr.ca/pictures/profile/pimage-1005.jpg', 'https://www.harpersplumbing.ca/', 14),
(2025, 'TEK Plumbing & Heating Inc. delivers comprehensive plumbing services in Grande Prairie as locally owned and operated company.', 'https://www.kwikr.ca/pictures/profile/pimage-1007.jpg', '11434 89 Ave', 'TEK Plumbing & Heating Inc.', 'https://www.kwikr.ca/pictures/profile/pimage-1007.jpg', 'http://www.tek-plumbing.com/', 20),
(2026, 'Sparrow Electrical Services provides professional electrical installation and repair services in Toronto and surrounding areas.', 'https://www.kwikr.ca/pictures/profile/pimage-950.jpg', '123 Main St', 'Sparrow Electrical Services', 'https://www.kwikr.ca/pictures/profile/pimage-950.jpg', 'https://www.sparrowelectrical.com/', 12),
(2027, 'Lightning Electric Ltd offers comprehensive electrical contracting services in Vancouver with focus on residential and commercial projects.', 'https://www.kwikr.ca/pictures/profile/pimage-951.jpg', '456 Electric Ave', 'Lightning Electric Ltd', 'https://www.kwikr.ca/pictures/profile/pimage-951.jpg', 'https://www.lightningelectric.ca/', 15),
(2028, 'Powerline Electric Inc provides electrical installation, maintenance and emergency repair services throughout Calgary area.', 'https://www.kwikr.ca/pictures/profile/pimage-952.jpg', '789 Power St', 'Powerline Electric Inc', 'https://www.kwikr.ca/pictures/profile/pimage-952.jpg', 'https://www.powerlineelectric.com/', 18),
(2029, 'Bright Electric Solutions offers electrical contracting services in Montreal specializing in residential and commercial electrical work.', 'https://www.kwikr.ca/pictures/profile/pimage-953.jpg', '321 Électrique Rue', 'Bright Electric Solutions', 'https://www.kwikr.ca/pictures/profile/pimage-953.jpg', 'https://www.brightelectric.ca/', 14),
(2030, 'Voltage Electric Services provides professional electrical installation and maintenance services in Regina and surrounding areas.', 'https://www.kwikr.ca/pictures/profile/pimage-954.jpg', '654 Voltage Way', 'Voltage Electric Services', 'https://www.kwikr.ca/pictures/profile/pimage-954.jpg', 'https://www.voltageelectric.com/', 11);

-- Add services for these companies
INSERT INTO worker_services (user_id, service_name, service_category, hourly_rate, is_available, description) VALUES
(2001, 'Plumbing Repairs', 'Plumbing', 95.00, TRUE, 'Professional plumbing repairs and maintenance'),
(2001, 'Gas Fitting', 'Plumbing', 115.00, TRUE, 'Expert gas fitting and installation services'),
(2002, 'Residential Plumbing', 'Plumbing', 85.00, TRUE, 'Reliable residential plumbing solutions'),
(2002, 'Commercial Plumbing', 'Plumbing', 100.00, TRUE, 'Commercial plumbing installation and maintenance'),
(2003, 'Plumbing Installation', 'Plumbing', 90.00, TRUE, 'Professional plumbing system installations'),
(2003, 'Emergency Plumbing', 'Plumbing', 125.00, TRUE, 'Emergency plumbing repair services'),
(2004, 'Heating Systems', 'Heating', 105.00, TRUE, 'Expert heating system installation and repair'),
(2004, 'Emergency Repairs', 'Plumbing', 135.00, TRUE, 'Emergency plumbing and heating repairs'),
(2005, 'HVAC Services', 'Heating', 110.00, TRUE, 'Heating, ventilation and air conditioning services'),
(2005, 'Emergency Service', 'Plumbing', 140.00, TRUE, '24-hour emergency plumbing and HVAC service'),
(2026, 'Electrical Installation', 'Electrical', 95.00, TRUE, 'Professional electrical installation services'),
(2026, 'Panel Upgrades', 'Electrical', 120.00, TRUE, 'Electrical panel upgrades and installations'),
(2027, 'Electrical Contracting', 'Electrical', 100.00, TRUE, 'Comprehensive electrical contracting services'),
(2027, 'Emergency Electrical', 'Electrical', 145.00, TRUE, 'Emergency electrical repair services'),
(2028, 'Electrical Maintenance', 'Electrical', 90.00, TRUE, 'Regular electrical system maintenance'),
(2028, 'Commercial Electrical', 'Electrical', 110.00, TRUE, 'Commercial electrical installation and repair'),
(2029, 'Residential Electrical', 'Electrical', 88.00, TRUE, 'Residential electrical services and repairs'),
(2029, 'Lighting Installation', 'Electrical', 85.00, TRUE, 'Professional lighting design and installation'),
(2030, 'Electrical Repairs', 'Electrical', 92.00, TRUE, 'Professional electrical repair services'),
(2030, 'Industrial Electrical', 'Electrical', 115.00, TRUE, 'Industrial electrical installation and maintenance');